VerbAnalysis,CoreAnalysis,Person,Number,Tense,Mood,Voice,Gender,Case,PerseusType
urn:cite:hclat:verbAnalyses.1,urn:cite:hclat:analyses.10,,singular,perfect,participle,passive,masculine,nominative,pp4
urn:cite:hclat:verbAnalyses.2,urn:cite:hclat:analyses.1003,,singular,perfect,participle,passive,masculine,vocative,pp4
urn:cite:hclat:verbAnalyses.3,urn:cite:hclat:analyses.1003,,singular,perfect,participle,passive,neuter,vocative,pp4
urn:cite:hclat:verbAnalyses.4,urn:cite:hclat:analyses.1013,1st,singular,present,indicative,active,,,conj1
urn:cite:hclat:verbAnalyses.5,urn:cite:hclat:analyses.1024,,singular,,gerundive,passive,feminine,accusative,conj3
urn:cite:hclat:verbAnalyses.6,urn:cite:hclat:analyses.1025,,singular,present,participle,active,feminine,accusative,conj3
urn:cite:hclat:verbAnalyses.7,urn:cite:hclat:analyses.1025,,singular,present,participle,active,masculine,accusative,conj3
urn:cite:hclat:verbAnalyses.8,urn:cite:hclat:analyses.103,1st,singular,present,indicative,active,,,conj1
urn:cite:hclat:verbAnalyses.9,urn:cite:hclat:analyses.1045,,plural,perfect,participle,passive,feminine,nominative,pp4
urn:cite:hclat:verbAnalyses.10,urn:cite:hclat:analyses.1045,,plural,perfect,participle,passive,feminine,vocative,pp4
urn:cite:hclat:verbAnalyses.11,urn:cite:hclat:analyses.1045,,singular,perfect,participle,passive,feminine,dative,pp4
urn:cite:hclat:verbAnalyses.12,urn:cite:hclat:analyses.1045,,singular,perfect,participle,passive,feminine,genitive,pp4
urn:cite:hclat:verbAnalyses.13,urn:cite:hclat:analyses.1051,3rd,singular,perfect,indicative,active,,,perfstem
urn:cite:hclat:verbAnalyses.14,urn:cite:hclat:analyses.1054,2nd,singular,present,indicative,active,,,irreg_pp1
urn:cite:hclat:verbAnalyses.15,urn:cite:hclat:analyses.1054,2nd,singular,present,subjunctive,active,,,conj1
urn:cite:hclat:verbAnalyses.16,urn:cite:hclat:analyses.1055,3rd,singular,present,indicative,active,,,irreg_pp1
urn:cite:hclat:verbAnalyses.17,urn:cite:hclat:analyses.1061,2nd,singular,present,indicative,active,,,conj4
urn:cite:hclat:verbAnalyses.18,urn:cite:hclat:analyses.1069,,singular,perfect,participle,passive,masculine,ablative,pp4
urn:cite:hclat:verbAnalyses.19,urn:cite:hclat:analyses.1069,,singular,perfect,participle,passive,masculine,dative,pp4
urn:cite:hclat:verbAnalyses.20,urn:cite:hclat:analyses.1069,,singular,perfect,participle,passive,neuter,ablative,pp4
urn:cite:hclat:verbAnalyses.21,urn:cite:hclat:analyses.1069,,singular,perfect,participle,passive,neuter,dative,pp4
urn:cite:hclat:verbAnalyses.22,urn:cite:hclat:analyses.1070,,singular,perfect,participle,passive,masculine,nominative,pp4
urn:cite:hclat:verbAnalyses.23,urn:cite:hclat:analyses.1072,1st,singular,perfect,indicative,active,,,perfstem
urn:cite:hclat:verbAnalyses.24,urn:cite:hclat:analyses.1072,2nd,singular,present,imperative,active,,,conj4
urn:cite:hclat:verbAnalyses.25,urn:cite:hclat:analyses.1072,2nd,singular,present,imperative,active,,,irreg_pp1
urn:cite:hclat:verbAnalyses.26,urn:cite:hclat:analyses.1074,,singular,perfect,participle,passive,masculine,ablative,pp4
urn:cite:hclat:verbAnalyses.27,urn:cite:hclat:analyses.1074,,singular,perfect,participle,passive,masculine,dative,pp4
urn:cite:hclat:verbAnalyses.28,urn:cite:hclat:analyses.1074,,singular,perfect,participle,passive,neuter,ablative,pp4
urn:cite:hclat:verbAnalyses.29,urn:cite:hclat:analyses.1074,,singular,perfect,participle,passive,neuter,dative,pp4
urn:cite:hclat:verbAnalyses.30,urn:cite:hclat:analyses.1076,,singular,perfect,participle,passive,masculine,vocative,pp4
urn:cite:hclat:verbAnalyses.31,urn:cite:hclat:analyses.1076,,singular,perfect,participle,passive,neuter,vocative,pp4
urn:cite:hclat:verbAnalyses.32,urn:cite:hclat:analyses.1096,,plural,perfect,participle,passive,neuter,accusative,pp4
urn:cite:hclat:verbAnalyses.33,urn:cite:hclat:analyses.1096,,plural,perfect,participle,passive,neuter,nominative,pp4
urn:cite:hclat:verbAnalyses.34,urn:cite:hclat:analyses.1096,,plural,perfect,participle,passive,neuter,vocative,pp4
urn:cite:hclat:verbAnalyses.35,urn:cite:hclat:analyses.1096,,singular,perfect,participle,passive,feminine,ablative,pp4
urn:cite:hclat:verbAnalyses.36,urn:cite:hclat:analyses.1096,,singular,perfect,participle,passive,feminine,nominative,pp4
urn:cite:hclat:verbAnalyses.37,urn:cite:hclat:analyses.1096,,singular,perfect,participle,passive,feminine,vocative,pp4
urn:cite:hclat:verbAnalyses.38,urn:cite:hclat:analyses.1097,,plural,perfect,participle,passive,masculine,accusative,pp4
urn:cite:hclat:verbAnalyses.39,urn:cite:hclat:analyses.11,,plural,perfect,participle,passive,masculine,nominative,pp4
urn:cite:hclat:verbAnalyses.40,urn:cite:hclat:analyses.11,,plural,perfect,participle,passive,masculine,vocative,pp4
urn:cite:hclat:verbAnalyses.41,urn:cite:hclat:analyses.11,,singular,perfect,participle,passive,masculine,genitive,pp4
urn:cite:hclat:verbAnalyses.42,urn:cite:hclat:analyses.11,,singular,perfect,participle,passive,neuter,genitive,pp4
urn:cite:hclat:verbAnalyses.43,urn:cite:hclat:analyses.11,1st,singular,perfect,indicative,active,,,perfstem
urn:cite:hclat:verbAnalyses.44,urn:cite:hclat:analyses.1100,3rd,plural,perfect,indicative,active,,,avperf
urn:cite:hclat:verbAnalyses.45,urn:cite:hclat:analyses.1101,1st,singular,present,indicative,active,,,conj1
urn:cite:hclat:verbAnalyses.46,urn:cite:hclat:analyses.1104,,,present,infinitive,passive,,,conj3
urn:cite:hclat:verbAnalyses.47,urn:cite:hclat:analyses.1108,,,present,infinitive,active,,,conj3
urn:cite:hclat:verbAnalyses.48,urn:cite:hclat:analyses.1108,2nd,singular,future,indicative,passive,,,conj3
urn:cite:hclat:verbAnalyses.49,urn:cite:hclat:analyses.1108,2nd,singular,present,imperative,passive,,,conj3
urn:cite:hclat:verbAnalyses.50,urn:cite:hclat:analyses.1108,2nd,singular,present,indicative,passive,,,conj3
urn:cite:hclat:verbAnalyses.51,urn:cite:hclat:analyses.1110,3rd,singular,perfect,indicative,active,,,perfstem
urn:cite:hclat:verbAnalyses.52,urn:cite:hclat:analyses.1111,,singular,perfect,participle,passive,masculine,ablative,pp4
urn:cite:hclat:verbAnalyses.53,urn:cite:hclat:analyses.1111,,singular,perfect,participle,passive,masculine,dative,pp4
urn:cite:hclat:verbAnalyses.54,urn:cite:hclat:analyses.1111,,singular,perfect,participle,passive,neuter,ablative,pp4
urn:cite:hclat:verbAnalyses.55,urn:cite:hclat:analyses.1111,,singular,perfect,participle,passive,neuter,dative,pp4
urn:cite:hclat:verbAnalyses.56,urn:cite:hclat:analyses.1115,,,,supine,,,,pp4
urn:cite:hclat:verbAnalyses.57,urn:cite:hclat:analyses.1115,,plural,perfect,participle,passive,masculine,genitive,pp4
urn:cite:hclat:verbAnalyses.58,urn:cite:hclat:analyses.1115,,plural,perfect,participle,passive,neuter,genitive,pp4
urn:cite:hclat:verbAnalyses.59,urn:cite:hclat:analyses.1115,,singular,perfect,participle,passive,masculine,accusative,pp4
urn:cite:hclat:verbAnalyses.60,urn:cite:hclat:analyses.1115,,singular,perfect,participle,passive,neuter,accusative,pp4
urn:cite:hclat:verbAnalyses.61,urn:cite:hclat:analyses.1115,,singular,perfect,participle,passive,neuter,nominative,pp4
urn:cite:hclat:verbAnalyses.62,urn:cite:hclat:analyses.1115,,singular,perfect,participle,passive,neuter,vocative,pp4
urn:cite:hclat:verbAnalyses.63,urn:cite:hclat:analyses.1130,1st,singular,present,indicative,active,,,conj1
urn:cite:hclat:verbAnalyses.64,urn:cite:hclat:analyses.1153,2nd,singular,present,indicative,active,,,irreg_pp1
urn:cite:hclat:verbAnalyses.65,urn:cite:hclat:analyses.1161,1st,singular,present,indicative,passive,,,conj1
urn:cite:hclat:verbAnalyses.66,urn:cite:hclat:analyses.1162,3rd,singular,perfect,indicative,active,,,perfstem
urn:cite:hclat:verbAnalyses.67,urn:cite:hclat:analyses.1164,,plural,perfect,participle,passive,feminine,ablative,pp4
urn:cite:hclat:verbAnalyses.68,urn:cite:hclat:analyses.1164,,plural,perfect,participle,passive,feminine,dative,pp4
urn:cite:hclat:verbAnalyses.69,urn:cite:hclat:analyses.1164,,plural,perfect,participle,passive,masculine,ablative,pp4
urn:cite:hclat:verbAnalyses.70,urn:cite:hclat:analyses.1164,,plural,perfect,participle,passive,masculine,dative,pp4
urn:cite:hclat:verbAnalyses.71,urn:cite:hclat:analyses.1164,,plural,perfect,participle,passive,masculine,nominative,pp4
urn:cite:hclat:verbAnalyses.72,urn:cite:hclat:analyses.1164,,plural,perfect,participle,passive,masculine,vocative,pp4
urn:cite:hclat:verbAnalyses.73,urn:cite:hclat:analyses.1164,,plural,perfect,participle,passive,neuter,ablative,pp4
urn:cite:hclat:verbAnalyses.74,urn:cite:hclat:analyses.1164,,plural,perfect,participle,passive,neuter,dative,pp4
urn:cite:hclat:verbAnalyses.75,urn:cite:hclat:analyses.1164,,singular,perfect,participle,passive,masculine,genitive,pp4
urn:cite:hclat:verbAnalyses.76,urn:cite:hclat:analyses.1164,,singular,perfect,participle,passive,neuter,genitive,pp4
urn:cite:hclat:verbAnalyses.77,urn:cite:hclat:analyses.1164,1st,singular,perfect,indicative,active,,,perfstem
urn:cite:hclat:verbAnalyses.78,urn:cite:hclat:analyses.1167,2nd,singular,present,imperative,active,,,conj4
urn:cite:hclat:verbAnalyses.79,urn:cite:hclat:analyses.1169,2nd,singular,present,imperative,active,,,conj2
urn:cite:hclat:verbAnalyses.80,urn:cite:hclat:analyses.117,1st,singular,present,indicative,active,,,conj1
urn:cite:hclat:verbAnalyses.81,urn:cite:hclat:analyses.1171,,plural,perfect,participle,passive,neuter,accusative,pp4
urn:cite:hclat:verbAnalyses.82,urn:cite:hclat:analyses.1171,,plural,perfect,participle,passive,neuter,nominative,pp4
urn:cite:hclat:verbAnalyses.83,urn:cite:hclat:analyses.1171,,plural,perfect,participle,passive,neuter,vocative,pp4
urn:cite:hclat:verbAnalyses.84,urn:cite:hclat:analyses.1171,,singular,perfect,participle,passive,feminine,ablative,pp4
urn:cite:hclat:verbAnalyses.85,urn:cite:hclat:analyses.1171,,singular,perfect,participle,passive,feminine,nominative,pp4
urn:cite:hclat:verbAnalyses.86,urn:cite:hclat:analyses.1171,,singular,perfect,participle,passive,feminine,vocative,pp4
urn:cite:hclat:verbAnalyses.87,urn:cite:hclat:analyses.1172,3rd,singular,present,indicative,active,,,conj3
urn:cite:hclat:verbAnalyses.88,urn:cite:hclat:analyses.1174,3rd,singular,perfect,indicative,active,,,perfstem
urn:cite:hclat:verbAnalyses.89,urn:cite:hclat:analyses.1175,2nd,singular,present,imperative,active,,,conj3
urn:cite:hclat:verbAnalyses.90,urn:cite:hclat:analyses.1178,1st,singular,perfect,indicative,active,,,perfstem
urn:cite:hclat:verbAnalyses.91,urn:cite:hclat:analyses.1178,2nd,singular,present,imperative,active,,,irreg_pp1
urn:cite:hclat:verbAnalyses.92,urn:cite:hclat:analyses.1185,2nd,singular,present,indicative,active,,,conj2
urn:cite:hclat:verbAnalyses.93,urn:cite:hclat:analyses.1186,3rd,plural,perfect,indicative,active,,,perfstem
urn:cite:hclat:verbAnalyses.94,urn:cite:hclat:analyses.1187,3rd,singular,perfect,indicative,active,,,perfstem
urn:cite:hclat:verbAnalyses.95,urn:cite:hclat:analyses.1187,3rd,singular,present,indicative,active,,,conj3
urn:cite:hclat:verbAnalyses.96,urn:cite:hclat:analyses.1188,,plural,perfect,participle,passive,neuter,accusative,pp4
urn:cite:hclat:verbAnalyses.97,urn:cite:hclat:analyses.1188,,plural,perfect,participle,passive,neuter,nominative,pp4
urn:cite:hclat:verbAnalyses.98,urn:cite:hclat:analyses.1188,,plural,perfect,participle,passive,neuter,vocative,pp4
urn:cite:hclat:verbAnalyses.99,urn:cite:hclat:analyses.1188,,singular,perfect,participle,passive,feminine,ablative,pp4
urn:cite:hclat:verbAnalyses.100,urn:cite:hclat:analyses.1188,,singular,perfect,participle,passive,feminine,nominative,pp4
urn:cite:hclat:verbAnalyses.101,urn:cite:hclat:analyses.1188,,singular,perfect,participle,passive,feminine,vocative,pp4
urn:cite:hclat:verbAnalyses.102,urn:cite:hclat:analyses.1189,,singular,perfect,participle,passive,feminine,accusative,pp4
urn:cite:hclat:verbAnalyses.103,urn:cite:hclat:analyses.1190,3rd,singular,perfect,indicative,active,,,perfstem
urn:cite:hclat:verbAnalyses.104,urn:cite:hclat:analyses.1222,1st,singular,present,indicative,active,,,conj4
urn:cite:hclat:verbAnalyses.105,urn:cite:hclat:analyses.1226,2nd,singular,present,imperative,active,,,conj1
urn:cite:hclat:verbAnalyses.106,urn:cite:hclat:analyses.1227,,,,supine,,,,pp4
urn:cite:hclat:verbAnalyses.107,urn:cite:hclat:analyses.1227,,plural,perfect,participle,passive,masculine,genitive,pp4
urn:cite:hclat:verbAnalyses.108,urn:cite:hclat:analyses.1227,,plural,perfect,participle,passive,neuter,genitive,pp4
urn:cite:hclat:verbAnalyses.109,urn:cite:hclat:analyses.1227,,singular,perfect,participle,passive,masculine,accusative,pp4
urn:cite:hclat:verbAnalyses.110,urn:cite:hclat:analyses.1227,,singular,perfect,participle,passive,neuter,accusative,pp4
urn:cite:hclat:verbAnalyses.111,urn:cite:hclat:analyses.1227,,singular,perfect,participle,passive,neuter,nominative,pp4
urn:cite:hclat:verbAnalyses.112,urn:cite:hclat:analyses.1227,,singular,perfect,participle,passive,neuter,vocative,pp4
urn:cite:hclat:verbAnalyses.113,urn:cite:hclat:analyses.1233,2nd,singular,present,imperative,active,,,conj4
urn:cite:hclat:verbAnalyses.114,urn:cite:hclat:analyses.1234,,plural,,gerundive,passive,neuter,accusative,conj3
urn:cite:hclat:verbAnalyses.115,urn:cite:hclat:analyses.1234,,plural,,gerundive,passive,neuter,nominative,conj3
urn:cite:hclat:verbAnalyses.116,urn:cite:hclat:analyses.1234,,plural,,gerundive,passive,neuter,vocative,conj3
urn:cite:hclat:verbAnalyses.117,urn:cite:hclat:analyses.1234,,singular,,gerundive,passive,feminine,ablative,conj3
urn:cite:hclat:verbAnalyses.118,urn:cite:hclat:analyses.1234,,singular,,gerundive,passive,feminine,nominative,conj3
urn:cite:hclat:verbAnalyses.119,urn:cite:hclat:analyses.1234,,singular,,gerundive,passive,feminine,vocative,conj3
urn:cite:hclat:verbAnalyses.120,urn:cite:hclat:analyses.1234,2nd,singular,present,imperative,active,,,conj1
urn:cite:hclat:verbAnalyses.121,urn:cite:hclat:analyses.1235,,plural,,gerundive,passive,feminine,nominative,conj3
urn:cite:hclat:verbAnalyses.122,urn:cite:hclat:analyses.1235,,plural,,gerundive,passive,feminine,vocative,conj3
urn:cite:hclat:verbAnalyses.123,urn:cite:hclat:analyses.1235,,singular,,gerundive,passive,feminine,dative,conj3
urn:cite:hclat:verbAnalyses.124,urn:cite:hclat:analyses.1235,,singular,,gerundive,passive,feminine,genitive,conj3
urn:cite:hclat:verbAnalyses.125,urn:cite:hclat:analyses.1237,,singular,,gerundive,passive,masculine,ablative,conj3
urn:cite:hclat:verbAnalyses.126,urn:cite:hclat:analyses.1237,,singular,,gerundive,passive,masculine,dative,conj3
urn:cite:hclat:verbAnalyses.127,urn:cite:hclat:analyses.1237,,singular,,gerundive,passive,neuter,ablative,conj3
urn:cite:hclat:verbAnalyses.128,urn:cite:hclat:analyses.1237,,singular,,gerundive,passive,neuter,dative,conj3
urn:cite:hclat:verbAnalyses.129,urn:cite:hclat:analyses.1237,1st,singular,present,indicative,active,,,conj1
urn:cite:hclat:verbAnalyses.130,urn:cite:hclat:analyses.1238,,singular,,gerundive,passive,masculine,nominative,conj3
urn:cite:hclat:verbAnalyses.131,urn:cite:hclat:analyses.1240,1st,singular,perfect,indicative,active,,,perfstem
urn:cite:hclat:verbAnalyses.132,urn:cite:hclat:analyses.1240,2nd,singular,present,imperative,active,,,irreg_pp1
urn:cite:hclat:verbAnalyses.133,urn:cite:hclat:analyses.1252,1st,singular,present,indicative,active,,,conj3_io
urn:cite:hclat:verbAnalyses.134,urn:cite:hclat:analyses.1253,3rd,singular,perfect,subjunctive,active,,,evperf
urn:cite:hclat:verbAnalyses.135,urn:cite:hclat:analyses.1253,3rd,singular,present,indicative,active,,,conj3
urn:cite:hclat:verbAnalyses.136,urn:cite:hclat:analyses.126,2nd,singular,present,imperative,active,,,conj2
urn:cite:hclat:verbAnalyses.137,urn:cite:hclat:analyses.1260,1st,singular,future perfect,indicative,active,,,evperf
urn:cite:hclat:verbAnalyses.138,urn:cite:hclat:analyses.1274,2nd,singular,present,imperative,active,,,conj1
urn:cite:hclat:verbAnalyses.139,urn:cite:hclat:analyses.1277,2nd,singular,present,imperative,active,,,conj3
urn:cite:hclat:verbAnalyses.140,urn:cite:hclat:analyses.1279,3rd,singular,present,subjunctive,active,,,irreg_pp1
urn:cite:hclat:verbAnalyses.141,urn:cite:hclat:analyses.1280,,plural,perfect,participle,passive,neuter,accusative,pp4
urn:cite:hclat:verbAnalyses.142,urn:cite:hclat:analyses.1280,,plural,perfect,participle,passive,neuter,nominative,pp4
urn:cite:hclat:verbAnalyses.143,urn:cite:hclat:analyses.1280,,plural,perfect,participle,passive,neuter,vocative,pp4
urn:cite:hclat:verbAnalyses.144,urn:cite:hclat:analyses.1280,,singular,perfect,participle,passive,feminine,ablative,pp4
urn:cite:hclat:verbAnalyses.145,urn:cite:hclat:analyses.1280,,singular,perfect,participle,passive,feminine,nominative,pp4
urn:cite:hclat:verbAnalyses.146,urn:cite:hclat:analyses.1280,,singular,perfect,participle,passive,feminine,vocative,pp4
urn:cite:hclat:verbAnalyses.147,urn:cite:hclat:analyses.1281,,plural,perfect,participle,passive,feminine,nominative,pp4
urn:cite:hclat:verbAnalyses.148,urn:cite:hclat:analyses.1281,,plural,perfect,participle,passive,feminine,vocative,pp4
urn:cite:hclat:verbAnalyses.149,urn:cite:hclat:analyses.1281,,singular,perfect,participle,passive,feminine,dative,pp4
urn:cite:hclat:verbAnalyses.150,urn:cite:hclat:analyses.1281,,singular,perfect,participle,passive,feminine,genitive,pp4
urn:cite:hclat:verbAnalyses.151,urn:cite:hclat:analyses.129,2nd,singular,present,imperative,active,,,conj1
urn:cite:hclat:verbAnalyses.152,urn:cite:hclat:analyses.1302,1st,singular,future,indicative,active,,,conj3
urn:cite:hclat:verbAnalyses.153,urn:cite:hclat:analyses.1302,1st,singular,present,subjunctive,active,,,conj3
urn:cite:hclat:verbAnalyses.154,urn:cite:hclat:analyses.1303,2nd,singular,present,indicative,active,,,conj3
urn:cite:hclat:verbAnalyses.155,urn:cite:hclat:analyses.1304,,,,supine,,,,pp4
urn:cite:hclat:verbAnalyses.156,urn:cite:hclat:analyses.1304,,plural,perfect,participle,passive,masculine,genitive,pp4
urn:cite:hclat:verbAnalyses.157,urn:cite:hclat:analyses.1304,,plural,perfect,participle,passive,neuter,genitive,pp4
urn:cite:hclat:verbAnalyses.158,urn:cite:hclat:analyses.1304,,singular,perfect,participle,passive,masculine,accusative,pp4
urn:cite:hclat:verbAnalyses.159,urn:cite:hclat:analyses.1304,,singular,perfect,participle,passive,neuter,accusative,pp4
urn:cite:hclat:verbAnalyses.160,urn:cite:hclat:analyses.1304,,singular,perfect,participle,passive,neuter,nominative,pp4
urn:cite:hclat:verbAnalyses.161,urn:cite:hclat:analyses.1304,,singular,perfect,participle,passive,neuter,vocative,pp4
urn:cite:hclat:verbAnalyses.162,urn:cite:hclat:analyses.1310,,plural,,gerundive,passive,masculine,genitive,conj3
urn:cite:hclat:verbAnalyses.163,urn:cite:hclat:analyses.1310,,plural,,gerundive,passive,neuter,genitive,conj3
urn:cite:hclat:verbAnalyses.164,urn:cite:hclat:analyses.1310,,singular,,gerundive,passive,masculine,accusative,conj3
urn:cite:hclat:verbAnalyses.165,urn:cite:hclat:analyses.1310,,singular,,gerundive,passive,neuter,accusative,conj3
urn:cite:hclat:verbAnalyses.166,urn:cite:hclat:analyses.1310,,singular,,gerundive,passive,neuter,nominative,conj3
urn:cite:hclat:verbAnalyses.167,urn:cite:hclat:analyses.1310,,singular,,gerundive,passive,neuter,vocative,conj3
urn:cite:hclat:verbAnalyses.168,urn:cite:hclat:analyses.1314,3rd,singular,present,subjunctive,active,,,conj2
urn:cite:hclat:verbAnalyses.169,urn:cite:hclat:analyses.1316,3rd,singular,future perfect,indicative,active,,,perfstem
urn:cite:hclat:verbAnalyses.170,urn:cite:hclat:analyses.1316,3rd,singular,perfect,subjunctive,active,,,perfstem
urn:cite:hclat:verbAnalyses.171,urn:cite:hclat:analyses.132,2nd,singular,present,imperative,active,,,conj1
urn:cite:hclat:verbAnalyses.172,urn:cite:hclat:analyses.1320,2nd,singular,present,indicative,active,,,conj3
urn:cite:hclat:verbAnalyses.173,urn:cite:hclat:analyses.1321,3rd,plural,present,indicative,active,,,irreg_pp1
urn:cite:hclat:verbAnalyses.174,urn:cite:hclat:analyses.1322,1st,singular,present,indicative,active,,,conj3
urn:cite:hclat:verbAnalyses.175,urn:cite:hclat:analyses.1326,,singular,present,participle,active,feminine,nominative,conj2
urn:cite:hclat:verbAnalyses.176,urn:cite:hclat:analyses.1326,,singular,present,participle,active,feminine,vocative,conj2
urn:cite:hclat:verbAnalyses.177,urn:cite:hclat:analyses.1326,,singular,present,participle,active,masculine,nominative,conj2
urn:cite:hclat:verbAnalyses.178,urn:cite:hclat:analyses.1326,,singular,present,participle,active,masculine,vocative,conj2
urn:cite:hclat:verbAnalyses.179,urn:cite:hclat:analyses.1326,,singular,present,participle,active,neuter,accusative,conj2
urn:cite:hclat:verbAnalyses.180,urn:cite:hclat:analyses.1326,,singular,present,participle,active,neuter,nominative,conj2
urn:cite:hclat:verbAnalyses.181,urn:cite:hclat:analyses.1326,,singular,present,participle,active,neuter,vocative,conj2
urn:cite:hclat:verbAnalyses.182,urn:cite:hclat:analyses.1346,,,,supine,,,,pp4
urn:cite:hclat:verbAnalyses.183,urn:cite:hclat:analyses.1346,,plural,perfect,participle,passive,masculine,genitive,pp4
urn:cite:hclat:verbAnalyses.184,urn:cite:hclat:analyses.1346,,plural,perfect,participle,passive,neuter,genitive,pp4
urn:cite:hclat:verbAnalyses.185,urn:cite:hclat:analyses.1346,,singular,perfect,participle,passive,masculine,accusative,pp4
urn:cite:hclat:verbAnalyses.186,urn:cite:hclat:analyses.1346,,singular,perfect,participle,passive,neuter,accusative,pp4
urn:cite:hclat:verbAnalyses.187,urn:cite:hclat:analyses.1346,,singular,perfect,participle,passive,neuter,nominative,pp4
urn:cite:hclat:verbAnalyses.188,urn:cite:hclat:analyses.1346,,singular,perfect,participle,passive,neuter,vocative,pp4
urn:cite:hclat:verbAnalyses.189,urn:cite:hclat:analyses.135,1st,singular,present,indicative,active,,,conj1
urn:cite:hclat:verbAnalyses.190,urn:cite:hclat:analyses.1352,3rd,singular,present,subjunctive,passive,,,conj2
urn:cite:hclat:verbAnalyses.191,urn:cite:hclat:analyses.1376,1st,singular,present,indicative,active,,,conj1
urn:cite:hclat:verbAnalyses.192,urn:cite:hclat:analyses.1383,3rd,plural,present,subjunctive,active,,,conj3
urn:cite:hclat:verbAnalyses.193,urn:cite:hclat:analyses.1384,1st,singular,perfect,indicative,active,,,perfstem
urn:cite:hclat:verbAnalyses.194,urn:cite:hclat:analyses.1384,2nd,singular,present,imperative,active,,,irreg_pp1
urn:cite:hclat:verbAnalyses.195,urn:cite:hclat:analyses.1386,3rd,singular,perfect,indicative,active,,,perfstem
urn:cite:hclat:verbAnalyses.196,urn:cite:hclat:analyses.1404,3rd,singular,pluperfect,indicative,active,,,perfstem
urn:cite:hclat:verbAnalyses.197,urn:cite:hclat:analyses.1416,,singular,perfect,participle,passive,masculine,nominative,pp4
urn:cite:hclat:verbAnalyses.198,urn:cite:hclat:analyses.1419,1st,singular,present,indicative,active,,,conj1
urn:cite:hclat:verbAnalyses.199,urn:cite:hclat:analyses.1427,,,present,infinitive,passive,,,conj3
urn:cite:hclat:verbAnalyses.200,urn:cite:hclat:analyses.1431,,singular,present,participle,active,feminine,ablative,conj2
urn:cite:hclat:verbAnalyses.201,urn:cite:hclat:analyses.1431,,singular,present,participle,active,feminine,dative,conj2
urn:cite:hclat:verbAnalyses.202,urn:cite:hclat:analyses.1431,,singular,present,participle,active,masculine,ablative,conj2
urn:cite:hclat:verbAnalyses.203,urn:cite:hclat:analyses.1431,,singular,present,participle,active,masculine,dative,conj2
urn:cite:hclat:verbAnalyses.204,urn:cite:hclat:analyses.1431,,singular,present,participle,active,neuter,ablative,conj2
urn:cite:hclat:verbAnalyses.205,urn:cite:hclat:analyses.1431,,singular,present,participle,active,neuter,dative,conj2
urn:cite:hclat:verbAnalyses.206,urn:cite:hclat:analyses.1441,2nd,singular,future,indicative,active,,,conj3
urn:cite:hclat:verbAnalyses.207,urn:cite:hclat:analyses.1448,1st,singular,present,indicative,active,,,conj1
urn:cite:hclat:verbAnalyses.208,urn:cite:hclat:analyses.1449,,singular,perfect,participle,passive,masculine,ablative,pp4
urn:cite:hclat:verbAnalyses.209,urn:cite:hclat:analyses.1449,,singular,perfect,participle,passive,masculine,dative,pp4
urn:cite:hclat:verbAnalyses.210,urn:cite:hclat:analyses.1449,,singular,perfect,participle,passive,neuter,ablative,pp4
urn:cite:hclat:verbAnalyses.211,urn:cite:hclat:analyses.1449,,singular,perfect,participle,passive,neuter,dative,pp4
urn:cite:hclat:verbAnalyses.212,urn:cite:hclat:analyses.1449,2nd,singular,future,imperative,active,,,conj1
urn:cite:hclat:verbAnalyses.213,urn:cite:hclat:analyses.1449,3rd,singular,future,imperative,active,,,conj1
urn:cite:hclat:verbAnalyses.214,urn:cite:hclat:analyses.1464,2nd,singular,present,imperative,active,,,conj1
urn:cite:hclat:verbAnalyses.215,urn:cite:hclat:analyses.1472,3rd,singular,future,indicative,active,,,conj3
urn:cite:hclat:verbAnalyses.216,urn:cite:hclat:analyses.1473,1st,singular,present,indicative,active,,,conj1
urn:cite:hclat:verbAnalyses.217,urn:cite:hclat:analyses.1484,3rd,singular,perfect,indicative,active,,,perfstem
urn:cite:hclat:verbAnalyses.218,urn:cite:hclat:analyses.1484,3rd,singular,present,indicative,active,,,conj3
urn:cite:hclat:verbAnalyses.219,urn:cite:hclat:analyses.1485,2nd,singular,present,imperative,active,,,conj1
urn:cite:hclat:verbAnalyses.220,urn:cite:hclat:analyses.1488,3rd,singular,perfect,indicative,active,,,perfstem
urn:cite:hclat:verbAnalyses.221,urn:cite:hclat:analyses.1491,3rd,singular,present,indicative,active,,,conj3
urn:cite:hclat:verbAnalyses.222,urn:cite:hclat:analyses.1492,,plural,perfect,participle,passive,masculine,nominative,pp4
urn:cite:hclat:verbAnalyses.223,urn:cite:hclat:analyses.1492,,plural,perfect,participle,passive,masculine,vocative,pp4
urn:cite:hclat:verbAnalyses.224,urn:cite:hclat:analyses.1492,,singular,perfect,participle,passive,masculine,genitive,pp4
urn:cite:hclat:verbAnalyses.225,urn:cite:hclat:analyses.1492,,singular,perfect,participle,passive,neuter,genitive,pp4
urn:cite:hclat:verbAnalyses.226,urn:cite:hclat:analyses.1493,,,present,infinitive,active,,,conj1
urn:cite:hclat:verbAnalyses.227,urn:cite:hclat:analyses.1493,2nd,singular,present,imperative,passive,,,conj1
urn:cite:hclat:verbAnalyses.228,urn:cite:hclat:analyses.1493,2nd,singular,present,indicative,passive,,,conj1
urn:cite:hclat:verbAnalyses.229,urn:cite:hclat:analyses.15,,singular,perfect,participle,passive,masculine,ablative,pp4
urn:cite:hclat:verbAnalyses.230,urn:cite:hclat:analyses.15,,singular,perfect,participle,passive,masculine,dative,pp4
urn:cite:hclat:verbAnalyses.231,urn:cite:hclat:analyses.15,,singular,perfect,participle,passive,neuter,ablative,pp4
urn:cite:hclat:verbAnalyses.232,urn:cite:hclat:analyses.15,,singular,perfect,participle,passive,neuter,dative,pp4
urn:cite:hclat:verbAnalyses.233,urn:cite:hclat:analyses.15,2nd,singular,future,imperative,active,,,conj1
urn:cite:hclat:verbAnalyses.234,urn:cite:hclat:analyses.15,3rd,singular,future,imperative,active,,,conj1
urn:cite:hclat:verbAnalyses.235,urn:cite:hclat:analyses.172,,singular,perfect,participle,passive,masculine,nominative,pp4
urn:cite:hclat:verbAnalyses.236,urn:cite:hclat:analyses.181,2nd,singular,present,imperative,active,,,conj2
urn:cite:hclat:verbAnalyses.237,urn:cite:hclat:analyses.181,2nd,singular,present,imperative,active,,,conj3
urn:cite:hclat:verbAnalyses.238,urn:cite:hclat:analyses.188,2nd,singular,present,imperative,active,,,conj1
urn:cite:hclat:verbAnalyses.239,urn:cite:hclat:analyses.199,2nd,singular,present,indicative,active,,,conj1
urn:cite:hclat:verbAnalyses.240,urn:cite:hclat:analyses.223,1st,singular,perfect,indicative,active,,,ivperf
urn:cite:hclat:verbAnalyses.241,urn:cite:hclat:analyses.237,,,present,infinitive,passive,,,conj3
urn:cite:hclat:verbAnalyses.242,urn:cite:hclat:analyses.24,3rd,plural,perfect,indicative,active,,,perfstem
urn:cite:hclat:verbAnalyses.243,urn:cite:hclat:analyses.250,2nd,singular,present,imperative,active,,,conj3
urn:cite:hclat:verbAnalyses.244,urn:cite:hclat:analyses.252,,,present,infinitive,passive,,,conj3
urn:cite:hclat:verbAnalyses.245,urn:cite:hclat:analyses.261,3rd,singular,perfect,indicative,active,,,perfstem
urn:cite:hclat:verbAnalyses.246,urn:cite:hclat:analyses.264,2nd,singular,present,imperative,active,,,conj1
urn:cite:hclat:verbAnalyses.247,urn:cite:hclat:analyses.267,,,present,infinitive,passive,,,conj4
urn:cite:hclat:verbAnalyses.248,urn:cite:hclat:analyses.268,2nd,singular,present,imperative,active,,,conj1
urn:cite:hclat:verbAnalyses.249,urn:cite:hclat:analyses.27,,singular,perfect,participle,passive,masculine,ablative,pp4
urn:cite:hclat:verbAnalyses.250,urn:cite:hclat:analyses.27,,singular,perfect,participle,passive,masculine,dative,pp4
urn:cite:hclat:verbAnalyses.251,urn:cite:hclat:analyses.27,,singular,perfect,participle,passive,neuter,ablative,pp4
urn:cite:hclat:verbAnalyses.252,urn:cite:hclat:analyses.27,,singular,perfect,participle,passive,neuter,dative,pp4
urn:cite:hclat:verbAnalyses.253,urn:cite:hclat:analyses.27,2nd,singular,future,imperative,active,,,conj1
urn:cite:hclat:verbAnalyses.254,urn:cite:hclat:analyses.27,3rd,singular,future,imperative,active,,,conj1
urn:cite:hclat:verbAnalyses.255,urn:cite:hclat:analyses.272,2nd,singular,present,imperative,active,,,irreg_pp1
urn:cite:hclat:verbAnalyses.256,urn:cite:hclat:analyses.272,2nd,singular,present,indicative,active,,,irreg_pp1
urn:cite:hclat:verbAnalyses.257,urn:cite:hclat:analyses.273,2nd,singular,present,subjunctive,active,,,conj1
urn:cite:hclat:verbAnalyses.258,urn:cite:hclat:analyses.277,,singular,perfect,participle,passive,feminine,accusative,pp4
urn:cite:hclat:verbAnalyses.259,urn:cite:hclat:analyses.279,3rd,singular,perfect,indicative,active,,,avperf
urn:cite:hclat:verbAnalyses.260,urn:cite:hclat:analyses.281,,plural,,gerundive,passive,masculine,genitive,conj3_io
urn:cite:hclat:verbAnalyses.261,urn:cite:hclat:analyses.281,,plural,,gerundive,passive,neuter,genitive,conj3_io
urn:cite:hclat:verbAnalyses.262,urn:cite:hclat:analyses.281,,singular,,gerundive,passive,masculine,accusative,conj3_io
urn:cite:hclat:verbAnalyses.263,urn:cite:hclat:analyses.281,,singular,,gerundive,passive,neuter,accusative,conj3_io
urn:cite:hclat:verbAnalyses.264,urn:cite:hclat:analyses.281,,singular,,gerundive,passive,neuter,nominative,conj3_io
urn:cite:hclat:verbAnalyses.265,urn:cite:hclat:analyses.281,,singular,,gerundive,passive,neuter,vocative,conj3_io
urn:cite:hclat:verbAnalyses.266,urn:cite:hclat:analyses.285,,,present,infinitive,passive,,,conj3
urn:cite:hclat:verbAnalyses.267,urn:cite:hclat:analyses.287,,singular,perfect,participle,passive,masculine,ablative,pp4
urn:cite:hclat:verbAnalyses.268,urn:cite:hclat:analyses.287,,singular,perfect,participle,passive,masculine,dative,pp4
urn:cite:hclat:verbAnalyses.269,urn:cite:hclat:analyses.287,,singular,perfect,participle,passive,neuter,ablative,pp4
urn:cite:hclat:verbAnalyses.270,urn:cite:hclat:analyses.287,,singular,perfect,participle,passive,neuter,dative,pp4
urn:cite:hclat:verbAnalyses.271,urn:cite:hclat:analyses.287,1st,singular,present,indicative,active,,,conj1
urn:cite:hclat:verbAnalyses.272,urn:cite:hclat:analyses.288,,,,supine,,,,pp4
urn:cite:hclat:verbAnalyses.273,urn:cite:hclat:analyses.288,,plural,perfect,participle,passive,masculine,genitive,pp4
urn:cite:hclat:verbAnalyses.274,urn:cite:hclat:analyses.288,,plural,perfect,participle,passive,neuter,genitive,pp4
urn:cite:hclat:verbAnalyses.275,urn:cite:hclat:analyses.288,,singular,perfect,participle,passive,masculine,accusative,pp4
urn:cite:hclat:verbAnalyses.276,urn:cite:hclat:analyses.288,,singular,perfect,participle,passive,neuter,accusative,pp4
urn:cite:hclat:verbAnalyses.277,urn:cite:hclat:analyses.288,,singular,perfect,participle,passive,neuter,nominative,pp4
urn:cite:hclat:verbAnalyses.278,urn:cite:hclat:analyses.288,,singular,perfect,participle,passive,neuter,vocative,pp4
urn:cite:hclat:verbAnalyses.279,urn:cite:hclat:analyses.289,3rd,singular,present,subjunctive,active,,,conj3
urn:cite:hclat:verbAnalyses.280,urn:cite:hclat:analyses.298,,plural,,gerundive,passive,masculine,genitive,conj3
urn:cite:hclat:verbAnalyses.281,urn:cite:hclat:analyses.298,,plural,,gerundive,passive,neuter,genitive,conj3
urn:cite:hclat:verbAnalyses.282,urn:cite:hclat:analyses.298,,singular,,gerundive,passive,masculine,accusative,conj3
urn:cite:hclat:verbAnalyses.283,urn:cite:hclat:analyses.298,,singular,,gerundive,passive,neuter,accusative,conj3
urn:cite:hclat:verbAnalyses.284,urn:cite:hclat:analyses.298,,singular,,gerundive,passive,neuter,nominative,conj3
urn:cite:hclat:verbAnalyses.285,urn:cite:hclat:analyses.298,,singular,,gerundive,passive,neuter,vocative,conj3
urn:cite:hclat:verbAnalyses.286,urn:cite:hclat:analyses.299,,,,supine,,,,pp4
urn:cite:hclat:verbAnalyses.287,urn:cite:hclat:analyses.299,,plural,perfect,participle,passive,masculine,genitive,pp4
urn:cite:hclat:verbAnalyses.288,urn:cite:hclat:analyses.299,,plural,perfect,participle,passive,neuter,genitive,pp4
urn:cite:hclat:verbAnalyses.289,urn:cite:hclat:analyses.299,,singular,perfect,participle,passive,masculine,accusative,pp4
urn:cite:hclat:verbAnalyses.290,urn:cite:hclat:analyses.299,,singular,perfect,participle,passive,neuter,accusative,pp4
urn:cite:hclat:verbAnalyses.291,urn:cite:hclat:analyses.299,,singular,perfect,participle,passive,neuter,nominative,pp4
urn:cite:hclat:verbAnalyses.292,urn:cite:hclat:analyses.299,,singular,perfect,participle,passive,neuter,vocative,pp4
urn:cite:hclat:verbAnalyses.293,urn:cite:hclat:analyses.304,,singular,present,participle,active,feminine,nominative,conj3
urn:cite:hclat:verbAnalyses.294,urn:cite:hclat:analyses.304,,singular,present,participle,active,feminine,vocative,conj3
urn:cite:hclat:verbAnalyses.295,urn:cite:hclat:analyses.304,,singular,present,participle,active,masculine,nominative,conj3
urn:cite:hclat:verbAnalyses.296,urn:cite:hclat:analyses.304,,singular,present,participle,active,masculine,vocative,conj3
urn:cite:hclat:verbAnalyses.297,urn:cite:hclat:analyses.304,,singular,present,participle,active,neuter,accusative,conj3
urn:cite:hclat:verbAnalyses.298,urn:cite:hclat:analyses.304,,singular,present,participle,active,neuter,nominative,conj3
urn:cite:hclat:verbAnalyses.299,urn:cite:hclat:analyses.304,,singular,present,participle,active,neuter,vocative,conj3
urn:cite:hclat:verbAnalyses.300,urn:cite:hclat:analyses.310,,,,supine,,,,pp4
urn:cite:hclat:verbAnalyses.301,urn:cite:hclat:analyses.310,,plural,perfect,participle,passive,masculine,genitive,pp4
urn:cite:hclat:verbAnalyses.302,urn:cite:hclat:analyses.310,,plural,perfect,participle,passive,neuter,genitive,pp4
urn:cite:hclat:verbAnalyses.303,urn:cite:hclat:analyses.310,,singular,perfect,participle,passive,masculine,accusative,pp4
urn:cite:hclat:verbAnalyses.304,urn:cite:hclat:analyses.310,,singular,perfect,participle,passive,neuter,accusative,pp4
urn:cite:hclat:verbAnalyses.305,urn:cite:hclat:analyses.310,,singular,perfect,participle,passive,neuter,nominative,pp4
urn:cite:hclat:verbAnalyses.306,urn:cite:hclat:analyses.310,,singular,perfect,participle,passive,neuter,vocative,pp4
urn:cite:hclat:verbAnalyses.307,urn:cite:hclat:analyses.320,,singular,present,participle,active,feminine,ablative,conj1
urn:cite:hclat:verbAnalyses.308,urn:cite:hclat:analyses.320,,singular,present,participle,active,masculine,ablative,conj1
urn:cite:hclat:verbAnalyses.309,urn:cite:hclat:analyses.320,,singular,present,participle,active,neuter,ablative,conj1
urn:cite:hclat:verbAnalyses.310,urn:cite:hclat:analyses.321,3rd,singular,present,indicative,active,,,conj1
urn:cite:hclat:verbAnalyses.311,urn:cite:hclat:analyses.332,,,present,infinitive,active,,,conj1
urn:cite:hclat:verbAnalyses.312,urn:cite:hclat:analyses.332,,,present,infinitive,active,,,irreg_pp1
urn:cite:hclat:verbAnalyses.313,urn:cite:hclat:analyses.332,2nd,singular,present,imperative,passive,,,conj1
urn:cite:hclat:verbAnalyses.314,urn:cite:hclat:analyses.332,2nd,singular,present,indicative,passive,,,conj1
urn:cite:hclat:verbAnalyses.315,urn:cite:hclat:analyses.334,,singular,perfect,participle,passive,masculine,ablative,pp4
urn:cite:hclat:verbAnalyses.316,urn:cite:hclat:analyses.334,,singular,perfect,participle,passive,masculine,dative,pp4
urn:cite:hclat:verbAnalyses.317,urn:cite:hclat:analyses.334,,singular,perfect,participle,passive,neuter,ablative,pp4
urn:cite:hclat:verbAnalyses.318,urn:cite:hclat:analyses.334,,singular,perfect,participle,passive,neuter,dative,pp4
urn:cite:hclat:verbAnalyses.319,urn:cite:hclat:analyses.334,2nd,singular,future,imperative,active,,,conj1
urn:cite:hclat:verbAnalyses.320,urn:cite:hclat:analyses.334,3rd,singular,future,imperative,active,,,conj1
urn:cite:hclat:verbAnalyses.321,urn:cite:hclat:analyses.335,3rd,singular,present,indicative,passive,,,conj1
urn:cite:hclat:verbAnalyses.322,urn:cite:hclat:analyses.338,2nd,singular,present,imperative,active,,,conj2
urn:cite:hclat:verbAnalyses.323,urn:cite:hclat:analyses.339,3rd,singular,perfect,indicative,active,,,perfstem
urn:cite:hclat:verbAnalyses.324,urn:cite:hclat:analyses.341,,singular,perfect,participle,passive,masculine,ablative,pp4
urn:cite:hclat:verbAnalyses.325,urn:cite:hclat:analyses.341,,singular,perfect,participle,passive,masculine,dative,pp4
urn:cite:hclat:verbAnalyses.326,urn:cite:hclat:analyses.341,,singular,perfect,participle,passive,neuter,ablative,pp4
urn:cite:hclat:verbAnalyses.327,urn:cite:hclat:analyses.341,,singular,perfect,participle,passive,neuter,dative,pp4
urn:cite:hclat:verbAnalyses.328,urn:cite:hclat:analyses.347,1st,singular,present,subjunctive,passive,,,conj1
urn:cite:hclat:verbAnalyses.329,urn:cite:hclat:analyses.348,3rd,plural,perfect,indicative,active,,,perfstem
urn:cite:hclat:verbAnalyses.330,urn:cite:hclat:analyses.349,,plural,perfect,participle,passive,neuter,accusative,pp4
urn:cite:hclat:verbAnalyses.331,urn:cite:hclat:analyses.349,,plural,perfect,participle,passive,neuter,nominative,pp4
urn:cite:hclat:verbAnalyses.332,urn:cite:hclat:analyses.349,,plural,perfect,participle,passive,neuter,vocative,pp4
urn:cite:hclat:verbAnalyses.333,urn:cite:hclat:analyses.349,,singular,perfect,participle,passive,feminine,ablative,pp4
urn:cite:hclat:verbAnalyses.334,urn:cite:hclat:analyses.349,,singular,perfect,participle,passive,feminine,nominative,pp4
urn:cite:hclat:verbAnalyses.335,urn:cite:hclat:analyses.349,,singular,perfect,participle,passive,feminine,vocative,pp4
urn:cite:hclat:verbAnalyses.336,urn:cite:hclat:analyses.350,3rd,plural,perfect,indicative,active,,,avperf
urn:cite:hclat:verbAnalyses.337,urn:cite:hclat:analyses.351,3rd,singular,perfect,indicative,active,,,avperf
urn:cite:hclat:verbAnalyses.338,urn:cite:hclat:analyses.352,3rd,singular,perfect,indicative,active,,,perfstem
urn:cite:hclat:verbAnalyses.339,urn:cite:hclat:analyses.352,3rd,singular,present,indicative,active,,,conj3
urn:cite:hclat:verbAnalyses.340,urn:cite:hclat:analyses.353,1st,singular,perfect,indicative,active,,,perfstem
urn:cite:hclat:verbAnalyses.341,urn:cite:hclat:analyses.353,2nd,singular,present,imperative,active,,,irreg_pp1
urn:cite:hclat:verbAnalyses.342,urn:cite:hclat:analyses.357,2nd,singular,present,subjunctive,active,,,conj1
urn:cite:hclat:verbAnalyses.343,urn:cite:hclat:analyses.358,,plural,perfect,participle,passive,masculine,nominative,pp4
urn:cite:hclat:verbAnalyses.344,urn:cite:hclat:analyses.358,,plural,perfect,participle,passive,masculine,vocative,pp4
urn:cite:hclat:verbAnalyses.345,urn:cite:hclat:analyses.358,,singular,perfect,participle,passive,masculine,genitive,pp4
urn:cite:hclat:verbAnalyses.346,urn:cite:hclat:analyses.358,,singular,perfect,participle,passive,neuter,genitive,pp4
urn:cite:hclat:verbAnalyses.347,urn:cite:hclat:analyses.359,,singular,perfect,participle,passive,masculine,nominative,pp4
urn:cite:hclat:verbAnalyses.348,urn:cite:hclat:analyses.361,3rd,singular,present,subjunctive,active,,,conj1
urn:cite:hclat:verbAnalyses.349,urn:cite:hclat:analyses.362,3rd,singular,present,subjunctive,passive,,,conj1
urn:cite:hclat:verbAnalyses.350,urn:cite:hclat:analyses.363,,plural,perfect,participle,passive,masculine,nominative,pp4
urn:cite:hclat:verbAnalyses.351,urn:cite:hclat:analyses.363,,plural,perfect,participle,passive,masculine,vocative,pp4
urn:cite:hclat:verbAnalyses.352,urn:cite:hclat:analyses.363,,singular,perfect,participle,passive,masculine,genitive,pp4
urn:cite:hclat:verbAnalyses.353,urn:cite:hclat:analyses.363,,singular,perfect,participle,passive,neuter,genitive,pp4
urn:cite:hclat:verbAnalyses.354,urn:cite:hclat:analyses.364,,singular,perfect,participle,passive,masculine,nominative,pp4
urn:cite:hclat:verbAnalyses.355,urn:cite:hclat:analyses.368,3rd,singular,perfect,indicative,active,,,avperf
urn:cite:hclat:verbAnalyses.356,urn:cite:hclat:analyses.369,,singular,,gerundive,passive,masculine,ablative,conj3
urn:cite:hclat:verbAnalyses.357,urn:cite:hclat:analyses.369,,singular,,gerundive,passive,masculine,dative,conj3
urn:cite:hclat:verbAnalyses.358,urn:cite:hclat:analyses.369,,singular,,gerundive,passive,neuter,ablative,conj3
urn:cite:hclat:verbAnalyses.359,urn:cite:hclat:analyses.369,,singular,,gerundive,passive,neuter,dative,conj3
urn:cite:hclat:verbAnalyses.360,urn:cite:hclat:analyses.373,,,present,infinitive,active,,,conj3
urn:cite:hclat:verbAnalyses.361,urn:cite:hclat:analyses.373,2nd,singular,future,indicative,passive,,,conj3
urn:cite:hclat:verbAnalyses.362,urn:cite:hclat:analyses.373,2nd,singular,present,imperative,passive,,,conj3
urn:cite:hclat:verbAnalyses.363,urn:cite:hclat:analyses.373,2nd,singular,present,indicative,passive,,,conj3
urn:cite:hclat:verbAnalyses.364,urn:cite:hclat:analyses.39,2nd,singular,present,imperative,active,,,irreg_pp1
urn:cite:hclat:verbAnalyses.365,urn:cite:hclat:analyses.39,2nd,singular,present,indicative,active,,,irreg_pp1
urn:cite:hclat:verbAnalyses.366,urn:cite:hclat:analyses.390,1st,singular,present,indicative,active,,,conj1
urn:cite:hclat:verbAnalyses.367,urn:cite:hclat:analyses.403,2nd,singular,present,indicative,active,,,conj3
urn:cite:hclat:verbAnalyses.368,urn:cite:hclat:analyses.403,2nd,singular,present,subjunctive,active,,,irreg_pp1
urn:cite:hclat:verbAnalyses.369,urn:cite:hclat:analyses.412,,singular,perfect,participle,passive,masculine,ablative,pp4
urn:cite:hclat:verbAnalyses.370,urn:cite:hclat:analyses.412,,singular,perfect,participle,passive,masculine,dative,pp4
urn:cite:hclat:verbAnalyses.371,urn:cite:hclat:analyses.412,,singular,perfect,participle,passive,neuter,ablative,pp4
urn:cite:hclat:verbAnalyses.372,urn:cite:hclat:analyses.412,,singular,perfect,participle,passive,neuter,dative,pp4
urn:cite:hclat:verbAnalyses.373,urn:cite:hclat:analyses.413,,singular,perfect,participle,passive,masculine,ablative,pp4
urn:cite:hclat:verbAnalyses.374,urn:cite:hclat:analyses.413,,singular,perfect,participle,passive,masculine,dative,pp4
urn:cite:hclat:verbAnalyses.375,urn:cite:hclat:analyses.413,,singular,perfect,participle,passive,neuter,ablative,pp4
urn:cite:hclat:verbAnalyses.376,urn:cite:hclat:analyses.413,,singular,perfect,participle,passive,neuter,dative,pp4
urn:cite:hclat:verbAnalyses.377,urn:cite:hclat:analyses.413,1st,singular,present,indicative,active,,,conj1
urn:cite:hclat:verbAnalyses.378,urn:cite:hclat:analyses.418,1st,singular,present,indicative,active,,,irreg_pp1
urn:cite:hclat:verbAnalyses.379,urn:cite:hclat:analyses.430,3rd,singular,perfect,indicative,active,,,perfstem
urn:cite:hclat:verbAnalyses.380,urn:cite:hclat:analyses.433,,,present,infinitive,active,,,irreg_pp1
urn:cite:hclat:verbAnalyses.381,urn:cite:hclat:analyses.434,3rd,singular,imperfect,subjunctive,active,,,irreg_pp1
urn:cite:hclat:verbAnalyses.382,urn:cite:hclat:analyses.435,3rd,singular,present,indicative,active,,,irreg_pp1
urn:cite:hclat:verbAnalyses.383,urn:cite:hclat:analyses.449,,singular,perfect,participle,passive,masculine,ablative,pp4
urn:cite:hclat:verbAnalyses.384,urn:cite:hclat:analyses.449,,singular,perfect,participle,passive,masculine,dative,pp4
urn:cite:hclat:verbAnalyses.385,urn:cite:hclat:analyses.449,,singular,perfect,participle,passive,neuter,ablative,pp4
urn:cite:hclat:verbAnalyses.386,urn:cite:hclat:analyses.449,,singular,perfect,participle,passive,neuter,dative,pp4
urn:cite:hclat:verbAnalyses.387,urn:cite:hclat:analyses.452,,singular,perfect,participle,passive,masculine,ablative,pp4
urn:cite:hclat:verbAnalyses.388,urn:cite:hclat:analyses.452,,singular,perfect,participle,passive,masculine,dative,pp4
urn:cite:hclat:verbAnalyses.389,urn:cite:hclat:analyses.452,,singular,perfect,participle,passive,neuter,ablative,pp4
urn:cite:hclat:verbAnalyses.390,urn:cite:hclat:analyses.452,,singular,perfect,participle,passive,neuter,dative,pp4
urn:cite:hclat:verbAnalyses.391,urn:cite:hclat:analyses.452,2nd,singular,future,imperative,active,,,conj1
urn:cite:hclat:verbAnalyses.392,urn:cite:hclat:analyses.452,3rd,singular,future,imperative,active,,,conj1
urn:cite:hclat:verbAnalyses.393,urn:cite:hclat:analyses.456,,singular,perfect,participle,passive,masculine,nominative,pp4
urn:cite:hclat:verbAnalyses.394,urn:cite:hclat:analyses.457,,,,supine,,,,pp4
urn:cite:hclat:verbAnalyses.395,urn:cite:hclat:analyses.457,,plural,perfect,participle,passive,masculine,genitive,pp4
urn:cite:hclat:verbAnalyses.396,urn:cite:hclat:analyses.457,,plural,perfect,participle,passive,neuter,genitive,pp4
urn:cite:hclat:verbAnalyses.397,urn:cite:hclat:analyses.457,,singular,perfect,participle,passive,masculine,accusative,pp4
urn:cite:hclat:verbAnalyses.398,urn:cite:hclat:analyses.457,,singular,perfect,participle,passive,neuter,accusative,pp4
urn:cite:hclat:verbAnalyses.399,urn:cite:hclat:analyses.457,,singular,perfect,participle,passive,neuter,nominative,pp4
urn:cite:hclat:verbAnalyses.400,urn:cite:hclat:analyses.457,,singular,perfect,participle,passive,neuter,vocative,pp4
urn:cite:hclat:verbAnalyses.401,urn:cite:hclat:analyses.458,2nd,singular,present,imperative,active,,,conj1
urn:cite:hclat:verbAnalyses.402,urn:cite:hclat:analyses.466,2nd,singular,present,imperative,active,,,conj3
urn:cite:hclat:verbAnalyses.403,urn:cite:hclat:analyses.467,,plural,,gerundive,passive,masculine,genitive,conj3_io
urn:cite:hclat:verbAnalyses.404,urn:cite:hclat:analyses.467,,plural,,gerundive,passive,neuter,genitive,conj3_io
urn:cite:hclat:verbAnalyses.405,urn:cite:hclat:analyses.467,,singular,,gerundive,passive,masculine,accusative,conj3_io
urn:cite:hclat:verbAnalyses.406,urn:cite:hclat:analyses.467,,singular,,gerundive,passive,neuter,accusative,conj3_io
urn:cite:hclat:verbAnalyses.407,urn:cite:hclat:analyses.467,,singular,,gerundive,passive,neuter,nominative,conj3_io
urn:cite:hclat:verbAnalyses.408,urn:cite:hclat:analyses.467,,singular,,gerundive,passive,neuter,vocative,conj3_io
urn:cite:hclat:verbAnalyses.409,urn:cite:hclat:analyses.468,,plural,,gerundive,passive,feminine,ablative,conj3_io
urn:cite:hclat:verbAnalyses.410,urn:cite:hclat:analyses.468,,plural,,gerundive,passive,feminine,dative,conj3_io
urn:cite:hclat:verbAnalyses.411,urn:cite:hclat:analyses.468,,plural,,gerundive,passive,masculine,ablative,conj3_io
urn:cite:hclat:verbAnalyses.412,urn:cite:hclat:analyses.468,,plural,,gerundive,passive,masculine,dative,conj3_io
urn:cite:hclat:verbAnalyses.413,urn:cite:hclat:analyses.468,,plural,,gerundive,passive,neuter,ablative,conj3_io
urn:cite:hclat:verbAnalyses.414,urn:cite:hclat:analyses.468,,plural,,gerundive,passive,neuter,dative,conj3_io
urn:cite:hclat:verbAnalyses.415,urn:cite:hclat:analyses.469,,plural,,gerundive,passive,masculine,genitive,conj3_io
urn:cite:hclat:verbAnalyses.416,urn:cite:hclat:analyses.469,,plural,,gerundive,passive,neuter,genitive,conj3_io
urn:cite:hclat:verbAnalyses.417,urn:cite:hclat:analyses.469,,singular,,gerundive,passive,masculine,accusative,conj3_io
urn:cite:hclat:verbAnalyses.418,urn:cite:hclat:analyses.469,,singular,,gerundive,passive,neuter,accusative,conj3_io
urn:cite:hclat:verbAnalyses.419,urn:cite:hclat:analyses.469,,singular,,gerundive,passive,neuter,nominative,conj3_io
urn:cite:hclat:verbAnalyses.420,urn:cite:hclat:analyses.469,,singular,,gerundive,passive,neuter,vocative,conj3_io
urn:cite:hclat:verbAnalyses.421,urn:cite:hclat:analyses.472,,,,supine,,,,pp4
urn:cite:hclat:verbAnalyses.422,urn:cite:hclat:analyses.472,,plural,perfect,participle,passive,masculine,genitive,pp4
urn:cite:hclat:verbAnalyses.423,urn:cite:hclat:analyses.472,,plural,perfect,participle,passive,neuter,genitive,pp4
urn:cite:hclat:verbAnalyses.424,urn:cite:hclat:analyses.472,,singular,perfect,participle,passive,masculine,accusative,pp4
urn:cite:hclat:verbAnalyses.425,urn:cite:hclat:analyses.472,,singular,perfect,participle,passive,neuter,accusative,pp4
urn:cite:hclat:verbAnalyses.426,urn:cite:hclat:analyses.472,,singular,perfect,participle,passive,neuter,nominative,pp4
urn:cite:hclat:verbAnalyses.427,urn:cite:hclat:analyses.472,,singular,perfect,participle,passive,neuter,vocative,pp4
urn:cite:hclat:verbAnalyses.428,urn:cite:hclat:analyses.480,3rd,plural,perfect,indicative,active,,,perfstem
urn:cite:hclat:verbAnalyses.429,urn:cite:hclat:analyses.481,3rd,singular,perfect,indicative,active,,,perfstem
urn:cite:hclat:verbAnalyses.430,urn:cite:hclat:analyses.486,1st,singular,present,subjunctive,passive,,,conj1
urn:cite:hclat:verbAnalyses.431,urn:cite:hclat:analyses.490,2nd,singular,present,imperative,active,,,conj1
urn:cite:hclat:verbAnalyses.432,urn:cite:hclat:analyses.492,3rd,singular,present,subjunctive,active,,,irreg_pp1
urn:cite:hclat:verbAnalyses.433,urn:cite:hclat:analyses.497,,,present,infinitive,passive,,,irreg_pp1
urn:cite:hclat:verbAnalyses.434,urn:cite:hclat:analyses.5,1st,plural,imperfect,subjunctive,active,,,irreg_pp1
urn:cite:hclat:verbAnalyses.435,urn:cite:hclat:analyses.509,2nd,singular,present,imperative,active,,,conj1
urn:cite:hclat:verbAnalyses.436,urn:cite:hclat:analyses.510,2nd,plural,present,imperative,passive,,,conj1
urn:cite:hclat:verbAnalyses.437,urn:cite:hclat:analyses.510,2nd,plural,present,indicative,passive,,,conj1
urn:cite:hclat:verbAnalyses.438,urn:cite:hclat:analyses.515,,plural,present,participle,active,neuter,accusative,conj2
urn:cite:hclat:verbAnalyses.439,urn:cite:hclat:analyses.515,,plural,present,participle,active,neuter,nominative,conj2
urn:cite:hclat:verbAnalyses.440,urn:cite:hclat:analyses.515,,plural,present,participle,active,neuter,vocative,conj2
urn:cite:hclat:verbAnalyses.441,urn:cite:hclat:analyses.517,1st,singular,present,indicative,passive,,,conj1
urn:cite:hclat:verbAnalyses.442,urn:cite:hclat:analyses.519,2nd,singular,present,indicative,active,,,conj4
urn:cite:hclat:verbAnalyses.443,urn:cite:hclat:analyses.524,,plural,perfect,participle,passive,neuter,accusative,pp4
urn:cite:hclat:verbAnalyses.444,urn:cite:hclat:analyses.524,,plural,perfect,participle,passive,neuter,nominative,pp4
urn:cite:hclat:verbAnalyses.445,urn:cite:hclat:analyses.524,,plural,perfect,participle,passive,neuter,vocative,pp4
urn:cite:hclat:verbAnalyses.446,urn:cite:hclat:analyses.524,,singular,perfect,participle,passive,feminine,ablative,pp4
urn:cite:hclat:verbAnalyses.447,urn:cite:hclat:analyses.524,,singular,perfect,participle,passive,feminine,nominative,pp4
urn:cite:hclat:verbAnalyses.448,urn:cite:hclat:analyses.524,,singular,perfect,participle,passive,feminine,vocative,pp4
urn:cite:hclat:verbAnalyses.449,urn:cite:hclat:analyses.525,,singular,perfect,participle,passive,masculine,ablative,pp4
urn:cite:hclat:verbAnalyses.450,urn:cite:hclat:analyses.525,,singular,perfect,participle,passive,masculine,dative,pp4
urn:cite:hclat:verbAnalyses.451,urn:cite:hclat:analyses.525,,singular,perfect,participle,passive,neuter,ablative,pp4
urn:cite:hclat:verbAnalyses.452,urn:cite:hclat:analyses.525,,singular,perfect,participle,passive,neuter,dative,pp4
urn:cite:hclat:verbAnalyses.453,urn:cite:hclat:analyses.525,2nd,singular,future,imperative,active,,,conj1
urn:cite:hclat:verbAnalyses.454,urn:cite:hclat:analyses.525,3rd,singular,future,imperative,active,,,conj1
urn:cite:hclat:verbAnalyses.455,urn:cite:hclat:analyses.533,2nd,singular,present,imperative,active,,,conj1
urn:cite:hclat:verbAnalyses.456,urn:cite:hclat:analyses.534,3rd,plural,pluperfect,indicative,active,,,perfstem
urn:cite:hclat:verbAnalyses.457,urn:cite:hclat:analyses.535,3rd,plural,perfect,indicative,active,,,perfstem
urn:cite:hclat:verbAnalyses.458,urn:cite:hclat:analyses.537,3rd,singular,perfect,indicative,active,,,perfstem
urn:cite:hclat:verbAnalyses.459,urn:cite:hclat:analyses.538,,singular,perfect,participle,passive,masculine,ablative,pp4
urn:cite:hclat:verbAnalyses.460,urn:cite:hclat:analyses.538,,singular,perfect,participle,passive,masculine,dative,pp4
urn:cite:hclat:verbAnalyses.461,urn:cite:hclat:analyses.538,,singular,perfect,participle,passive,neuter,ablative,pp4
urn:cite:hclat:verbAnalyses.462,urn:cite:hclat:analyses.538,,singular,perfect,participle,passive,neuter,dative,pp4
urn:cite:hclat:verbAnalyses.463,urn:cite:hclat:analyses.547,2nd,singular,present,indicative,active,,,conj1
urn:cite:hclat:verbAnalyses.464,urn:cite:hclat:analyses.551,,singular,present,participle,active,feminine,accusative,conj3
urn:cite:hclat:verbAnalyses.465,urn:cite:hclat:analyses.551,,singular,present,participle,active,masculine,accusative,conj3
urn:cite:hclat:verbAnalyses.466,urn:cite:hclat:analyses.56,,,present,infinitive,passive,,,conj1
urn:cite:hclat:verbAnalyses.467,urn:cite:hclat:analyses.57,,plural,perfect,participle,passive,masculine,nominative,pp4
urn:cite:hclat:verbAnalyses.468,urn:cite:hclat:analyses.57,,plural,perfect,participle,passive,masculine,vocative,pp4
urn:cite:hclat:verbAnalyses.469,urn:cite:hclat:analyses.57,,singular,perfect,participle,passive,masculine,genitive,pp4
urn:cite:hclat:verbAnalyses.470,urn:cite:hclat:analyses.57,,singular,perfect,participle,passive,neuter,genitive,pp4
urn:cite:hclat:verbAnalyses.471,urn:cite:hclat:analyses.599,2nd,singular,present,imperative,active,,,irreg_pp1
urn:cite:hclat:verbAnalyses.472,urn:cite:hclat:analyses.60,,,,null,,,,conj1
urn:cite:hclat:verbAnalyses.473,urn:cite:hclat:analyses.600,3rd,singular,present,indicative,active,,,conj2
urn:cite:hclat:verbAnalyses.474,urn:cite:hclat:analyses.609,1st,singular,perfect,indicative,active,,,perfstem
urn:cite:hclat:verbAnalyses.475,urn:cite:hclat:analyses.616,3rd,singular,present,indicative,active,,,conj1
urn:cite:hclat:verbAnalyses.476,urn:cite:hclat:analyses.628,2nd,singular,present,imperative,active,,,conj3
urn:cite:hclat:verbAnalyses.477,urn:cite:hclat:analyses.63,,singular,perfect,participle,passive,masculine,nominative,pp4
urn:cite:hclat:verbAnalyses.478,urn:cite:hclat:analyses.638,,singular,perfect,participle,passive,masculine,ablative,pp4
urn:cite:hclat:verbAnalyses.479,urn:cite:hclat:analyses.638,,singular,perfect,participle,passive,masculine,dative,pp4
urn:cite:hclat:verbAnalyses.480,urn:cite:hclat:analyses.638,,singular,perfect,participle,passive,neuter,ablative,pp4
urn:cite:hclat:verbAnalyses.481,urn:cite:hclat:analyses.638,,singular,perfect,participle,passive,neuter,dative,pp4
urn:cite:hclat:verbAnalyses.482,urn:cite:hclat:analyses.639,1st,singular,present,subjunctive,active,,,conj1
urn:cite:hclat:verbAnalyses.483,urn:cite:hclat:analyses.647,2nd,singular,present,imperative,active,,,conj3
urn:cite:hclat:verbAnalyses.484,urn:cite:hclat:analyses.649,3rd,plural,pluperfect,subjunctive,active,,,avperf
urn:cite:hclat:verbAnalyses.485,urn:cite:hclat:analyses.658,2nd,singular,present,indicative,active,,,irreg_pp1
urn:cite:hclat:verbAnalyses.486,urn:cite:hclat:analyses.660,2nd,singular,present,imperative,active,,,conj1
urn:cite:hclat:verbAnalyses.487,urn:cite:hclat:analyses.662,1st,singular,present,subjunctive,active,,,conj1
urn:cite:hclat:verbAnalyses.488,urn:cite:hclat:analyses.663,1st,singular,present,subjunctive,passive,,,conj1
urn:cite:hclat:verbAnalyses.489,urn:cite:hclat:analyses.681,3rd,singular,perfect,indicative,active,,,perfstem
urn:cite:hclat:verbAnalyses.490,urn:cite:hclat:analyses.689,1st,singular,perfect,indicative,active,,,perfstem
urn:cite:hclat:verbAnalyses.491,urn:cite:hclat:analyses.7,,,present,infinitive,passive,,,conj3
urn:cite:hclat:verbAnalyses.492,urn:cite:hclat:analyses.7,1st,singular,perfect,indicative,active,,,perfstem
urn:cite:hclat:verbAnalyses.493,urn:cite:hclat:analyses.702,,plural,perfect,participle,passive,masculine,nominative,pp4
urn:cite:hclat:verbAnalyses.494,urn:cite:hclat:analyses.702,,plural,perfect,participle,passive,masculine,vocative,pp4
urn:cite:hclat:verbAnalyses.495,urn:cite:hclat:analyses.702,,singular,perfect,participle,passive,masculine,genitive,pp4
urn:cite:hclat:verbAnalyses.496,urn:cite:hclat:analyses.702,,singular,perfect,participle,passive,neuter,genitive,pp4
urn:cite:hclat:verbAnalyses.497,urn:cite:hclat:analyses.708,,,present,infinitive,passive,,,conj3
urn:cite:hclat:verbAnalyses.498,urn:cite:hclat:analyses.708,1st,singular,perfect,indicative,active,,,avperf
urn:cite:hclat:verbAnalyses.499,urn:cite:hclat:analyses.708,2nd,singular,present,indicative,active,,,conj3
urn:cite:hclat:verbAnalyses.500,urn:cite:hclat:analyses.711,3rd,singular,present,indicative,active,,,conj1
urn:cite:hclat:verbAnalyses.501,urn:cite:hclat:analyses.711,3rd,singular,present,subjunctive,active,,,conj3
urn:cite:hclat:verbAnalyses.502,urn:cite:hclat:analyses.712,,singular,perfect,participle,passive,masculine,ablative,pp4
urn:cite:hclat:verbAnalyses.503,urn:cite:hclat:analyses.712,,singular,perfect,participle,passive,masculine,dative,pp4
urn:cite:hclat:verbAnalyses.504,urn:cite:hclat:analyses.712,,singular,perfect,participle,passive,neuter,ablative,pp4
urn:cite:hclat:verbAnalyses.505,urn:cite:hclat:analyses.712,,singular,perfect,participle,passive,neuter,dative,pp4
urn:cite:hclat:verbAnalyses.506,urn:cite:hclat:analyses.712,2nd,singular,future,imperative,active,,,conj1
urn:cite:hclat:verbAnalyses.507,urn:cite:hclat:analyses.712,3rd,singular,future,imperative,active,,,conj1
urn:cite:hclat:verbAnalyses.508,urn:cite:hclat:analyses.713,,,,supine,,,,pp4
urn:cite:hclat:verbAnalyses.509,urn:cite:hclat:analyses.713,,plural,perfect,participle,passive,masculine,genitive,pp4
urn:cite:hclat:verbAnalyses.510,urn:cite:hclat:analyses.713,,plural,perfect,participle,passive,neuter,genitive,pp4
urn:cite:hclat:verbAnalyses.511,urn:cite:hclat:analyses.713,,singular,perfect,participle,passive,masculine,accusative,pp4
urn:cite:hclat:verbAnalyses.512,urn:cite:hclat:analyses.713,,singular,perfect,participle,passive,neuter,accusative,pp4
urn:cite:hclat:verbAnalyses.513,urn:cite:hclat:analyses.713,,singular,perfect,participle,passive,neuter,nominative,pp4
urn:cite:hclat:verbAnalyses.514,urn:cite:hclat:analyses.713,,singular,perfect,participle,passive,neuter,vocative,pp4
urn:cite:hclat:verbAnalyses.515,urn:cite:hclat:analyses.714,,singular,perfect,participle,passive,masculine,nominative,pp4
urn:cite:hclat:verbAnalyses.516,urn:cite:hclat:analyses.715,,,present,infinitive,passive,,,conj3
urn:cite:hclat:verbAnalyses.517,urn:cite:hclat:analyses.715,1st,singular,perfect,indicative,active,,,perfstem
urn:cite:hclat:verbAnalyses.518,urn:cite:hclat:analyses.715,2nd,singular,present,indicative,active,,,conj3
urn:cite:hclat:verbAnalyses.519,urn:cite:hclat:analyses.716,2nd,singular,present,indicative,active,,,conj3
urn:cite:hclat:verbAnalyses.520,urn:cite:hclat:analyses.723,1st,singular,present,subjunctive,passive,,,conj1
urn:cite:hclat:verbAnalyses.521,urn:cite:hclat:analyses.731,1st,plural,present,indicative,active,,,conj1
urn:cite:hclat:verbAnalyses.522,urn:cite:hclat:analyses.735,1st,singular,future,indicative,active,,,conj4
urn:cite:hclat:verbAnalyses.523,urn:cite:hclat:analyses.735,1st,singular,present,subjunctive,active,,,conj4
urn:cite:hclat:verbAnalyses.524,urn:cite:hclat:analyses.739,3rd,singular,perfect,indicative,active,,,avperf
urn:cite:hclat:verbAnalyses.525,urn:cite:hclat:analyses.745,1st,singular,future,indicative,passive,,,conj3
urn:cite:hclat:verbAnalyses.526,urn:cite:hclat:analyses.745,1st,singular,present,subjunctive,passive,,,conj3
urn:cite:hclat:verbAnalyses.527,urn:cite:hclat:analyses.749,1st,singular,present,indicative,active,,,conj1
urn:cite:hclat:verbAnalyses.528,urn:cite:hclat:analyses.77,1st,singular,present,indicative,active,,,conj1
urn:cite:hclat:verbAnalyses.529,urn:cite:hclat:analyses.778,1st,plural,present,indicative,active,,,conj3
urn:cite:hclat:verbAnalyses.530,urn:cite:hclat:analyses.78,1st,singular,present,indicative,passive,,,conj1
urn:cite:hclat:verbAnalyses.531,urn:cite:hclat:analyses.780,2nd,singular,present,imperative,active,,,conj1
urn:cite:hclat:verbAnalyses.532,urn:cite:hclat:analyses.781,3rd,singular,pluperfect,indicative,active,,,avperf
urn:cite:hclat:verbAnalyses.533,urn:cite:hclat:analyses.782,3rd,singular,perfect,indicative,active,,,avperf
urn:cite:hclat:verbAnalyses.534,urn:cite:hclat:analyses.8,,plural,perfect,participle,passive,masculine,nominative,pp4
urn:cite:hclat:verbAnalyses.535,urn:cite:hclat:analyses.8,,plural,perfect,participle,passive,masculine,vocative,pp4
urn:cite:hclat:verbAnalyses.536,urn:cite:hclat:analyses.8,,singular,perfect,participle,passive,masculine,genitive,pp4
urn:cite:hclat:verbAnalyses.537,urn:cite:hclat:analyses.8,,singular,perfect,participle,passive,neuter,genitive,pp4
urn:cite:hclat:verbAnalyses.538,urn:cite:hclat:analyses.814,2nd,singular,present,subjunctive,active,,,conj1
urn:cite:hclat:verbAnalyses.539,urn:cite:hclat:analyses.815,2nd,singular,present,indicative,active,,,conj3_io
urn:cite:hclat:verbAnalyses.540,urn:cite:hclat:analyses.816,2nd,singular,present,imperative,active,,,conj1
urn:cite:hclat:verbAnalyses.541,urn:cite:hclat:analyses.818,2nd,singular,present,imperative,active,,,conj1
urn:cite:hclat:verbAnalyses.542,urn:cite:hclat:analyses.824,2nd,singular,present,indicative,active,,,conj4
urn:cite:hclat:verbAnalyses.543,urn:cite:hclat:analyses.827,2nd,singular,present,imperative,active,,,conj2
urn:cite:hclat:verbAnalyses.544,urn:cite:hclat:analyses.827,2nd,singular,present,indicative,active,,,conj2
urn:cite:hclat:verbAnalyses.545,urn:cite:hclat:analyses.828,,singular,present,participle,active,feminine,ablative,conj2
urn:cite:hclat:verbAnalyses.546,urn:cite:hclat:analyses.828,,singular,present,participle,active,feminine,dative,conj2
urn:cite:hclat:verbAnalyses.547,urn:cite:hclat:analyses.828,,singular,present,participle,active,masculine,ablative,conj2
urn:cite:hclat:verbAnalyses.548,urn:cite:hclat:analyses.828,,singular,present,participle,active,masculine,dative,conj2
urn:cite:hclat:verbAnalyses.549,urn:cite:hclat:analyses.828,,singular,present,participle,active,neuter,ablative,conj2
urn:cite:hclat:verbAnalyses.550,urn:cite:hclat:analyses.828,,singular,present,participle,active,neuter,dative,conj2
urn:cite:hclat:verbAnalyses.551,urn:cite:hclat:analyses.829,,plural,perfect,participle,passive,neuter,accusative,pp4
urn:cite:hclat:verbAnalyses.552,urn:cite:hclat:analyses.829,,plural,perfect,participle,passive,neuter,nominative,pp4
urn:cite:hclat:verbAnalyses.553,urn:cite:hclat:analyses.829,,plural,perfect,participle,passive,neuter,vocative,pp4
urn:cite:hclat:verbAnalyses.554,urn:cite:hclat:analyses.829,,singular,perfect,participle,passive,feminine,ablative,pp4
urn:cite:hclat:verbAnalyses.555,urn:cite:hclat:analyses.829,,singular,perfect,participle,passive,feminine,nominative,pp4
urn:cite:hclat:verbAnalyses.556,urn:cite:hclat:analyses.829,,singular,perfect,participle,passive,feminine,vocative,pp4
urn:cite:hclat:verbAnalyses.557,urn:cite:hclat:analyses.829,2nd,singular,present,imperative,active,,,conj1
urn:cite:hclat:verbAnalyses.558,urn:cite:hclat:analyses.830,,,,supine,,,,pp4
urn:cite:hclat:verbAnalyses.559,urn:cite:hclat:analyses.830,,plural,perfect,participle,passive,masculine,genitive,pp4
urn:cite:hclat:verbAnalyses.560,urn:cite:hclat:analyses.830,,plural,perfect,participle,passive,neuter,genitive,pp4
urn:cite:hclat:verbAnalyses.561,urn:cite:hclat:analyses.830,,singular,perfect,participle,passive,masculine,accusative,pp4
urn:cite:hclat:verbAnalyses.562,urn:cite:hclat:analyses.830,,singular,perfect,participle,passive,neuter,accusative,pp4
urn:cite:hclat:verbAnalyses.563,urn:cite:hclat:analyses.830,,singular,perfect,participle,passive,neuter,nominative,pp4
urn:cite:hclat:verbAnalyses.564,urn:cite:hclat:analyses.830,,singular,perfect,participle,passive,neuter,vocative,pp4
urn:cite:hclat:verbAnalyses.565,urn:cite:hclat:analyses.833,,singular,present,participle,active,feminine,ablative,conj3
urn:cite:hclat:verbAnalyses.566,urn:cite:hclat:analyses.833,,singular,present,participle,active,feminine,dative,conj3
urn:cite:hclat:verbAnalyses.567,urn:cite:hclat:analyses.833,,singular,present,participle,active,masculine,ablative,conj3
urn:cite:hclat:verbAnalyses.568,urn:cite:hclat:analyses.833,,singular,present,participle,active,masculine,dative,conj3
urn:cite:hclat:verbAnalyses.569,urn:cite:hclat:analyses.833,,singular,present,participle,active,neuter,ablative,conj3
urn:cite:hclat:verbAnalyses.570,urn:cite:hclat:analyses.833,,singular,present,participle,active,neuter,dative,conj3
urn:cite:hclat:verbAnalyses.571,urn:cite:hclat:analyses.842,3rd,singular,perfect,indicative,active,,,perfstem
urn:cite:hclat:verbAnalyses.572,urn:cite:hclat:analyses.862,,,,supine,,,,pp4
urn:cite:hclat:verbAnalyses.573,urn:cite:hclat:analyses.862,,plural,perfect,participle,passive,masculine,genitive,pp4
urn:cite:hclat:verbAnalyses.574,urn:cite:hclat:analyses.862,,plural,perfect,participle,passive,neuter,genitive,pp4
urn:cite:hclat:verbAnalyses.575,urn:cite:hclat:analyses.862,,singular,perfect,participle,passive,masculine,accusative,pp4
urn:cite:hclat:verbAnalyses.576,urn:cite:hclat:analyses.862,,singular,perfect,participle,passive,neuter,accusative,pp4
urn:cite:hclat:verbAnalyses.577,urn:cite:hclat:analyses.862,,singular,perfect,participle,passive,neuter,nominative,pp4
urn:cite:hclat:verbAnalyses.578,urn:cite:hclat:analyses.862,,singular,perfect,participle,passive,neuter,vocative,pp4
urn:cite:hclat:verbAnalyses.579,urn:cite:hclat:analyses.863,2nd,singular,present,imperative,active,,,conj1
urn:cite:hclat:verbAnalyses.580,urn:cite:hclat:analyses.879,1st,singular,perfect,indicative,active,,,avperf
urn:cite:hclat:verbAnalyses.581,urn:cite:hclat:analyses.882,2nd,singular,present,imperative,active,,,conj2
urn:cite:hclat:verbAnalyses.582,urn:cite:hclat:analyses.883,1st,singular,present,subjunctive,passive,,,conj2
urn:cite:hclat:verbAnalyses.583,urn:cite:hclat:analyses.885,,plural,present,participle,active,feminine,accusative,conj1
urn:cite:hclat:verbAnalyses.584,urn:cite:hclat:analyses.885,,plural,present,participle,active,feminine,nominative,conj1
urn:cite:hclat:verbAnalyses.585,urn:cite:hclat:analyses.885,,plural,present,participle,active,feminine,vocative,conj1
urn:cite:hclat:verbAnalyses.586,urn:cite:hclat:analyses.885,,plural,present,participle,active,masculine,accusative,conj1
urn:cite:hclat:verbAnalyses.587,urn:cite:hclat:analyses.885,,plural,present,participle,active,masculine,nominative,conj1
urn:cite:hclat:verbAnalyses.588,urn:cite:hclat:analyses.885,,plural,present,participle,active,masculine,vocative,conj1
urn:cite:hclat:verbAnalyses.589,urn:cite:hclat:analyses.894,1st,singular,present,indicative,active,,,conj1
urn:cite:hclat:verbAnalyses.590,urn:cite:hclat:analyses.917,2nd,singular,present,imperative,active,,,conj1
urn:cite:hclat:verbAnalyses.591,urn:cite:hclat:analyses.919,3rd,singular,perfect,indicative,active,,,perfstem
urn:cite:hclat:verbAnalyses.592,urn:cite:hclat:analyses.923,3rd,singular,present,indicative,active,,,conj2
urn:cite:hclat:verbAnalyses.593,urn:cite:hclat:analyses.934,2nd,singular,present,indicative,active,,,conj4
urn:cite:hclat:verbAnalyses.594,urn:cite:hclat:analyses.937,,singular,perfect,participle,passive,masculine,ablative,pp4
urn:cite:hclat:verbAnalyses.595,urn:cite:hclat:analyses.937,,singular,perfect,participle,passive,masculine,dative,pp4
urn:cite:hclat:verbAnalyses.596,urn:cite:hclat:analyses.937,,singular,perfect,participle,passive,neuter,ablative,pp4
urn:cite:hclat:verbAnalyses.597,urn:cite:hclat:analyses.937,,singular,perfect,participle,passive,neuter,dative,pp4
urn:cite:hclat:verbAnalyses.598,urn:cite:hclat:analyses.937,2nd,singular,future,imperative,active,,,conj1
urn:cite:hclat:verbAnalyses.599,urn:cite:hclat:analyses.937,3rd,singular,future,imperative,active,,,conj1
urn:cite:hclat:verbAnalyses.600,urn:cite:hclat:analyses.943,2nd,singular,present,imperative,active,,,conj4
urn:cite:hclat:verbAnalyses.601,urn:cite:hclat:analyses.943,2nd,singular,present,indicative,active,,,conj4
urn:cite:hclat:verbAnalyses.602,urn:cite:hclat:analyses.947,2nd,singular,present,subjunctive,active,,,conj1
urn:cite:hclat:verbAnalyses.603,urn:cite:hclat:analyses.949,,singular,perfect,participle,passive,masculine,ablative,pp4
urn:cite:hclat:verbAnalyses.604,urn:cite:hclat:analyses.949,,singular,perfect,participle,passive,masculine,dative,pp4
urn:cite:hclat:verbAnalyses.605,urn:cite:hclat:analyses.949,,singular,perfect,participle,passive,neuter,ablative,pp4
urn:cite:hclat:verbAnalyses.606,urn:cite:hclat:analyses.949,,singular,perfect,participle,passive,neuter,dative,pp4
urn:cite:hclat:verbAnalyses.607,urn:cite:hclat:analyses.949,2nd,singular,future,imperative,active,,,conj1
urn:cite:hclat:verbAnalyses.608,urn:cite:hclat:analyses.949,3rd,singular,future,imperative,active,,,conj1
urn:cite:hclat:verbAnalyses.609,urn:cite:hclat:analyses.953,1st,singular,present,subjunctive,active,,,conj1
urn:cite:hclat:verbAnalyses.610,urn:cite:hclat:analyses.962,,singular,present,participle,active,feminine,accusative,conj2
urn:cite:hclat:verbAnalyses.611,urn:cite:hclat:analyses.962,,singular,present,participle,active,masculine,accusative,conj2
urn:cite:hclat:verbAnalyses.612,urn:cite:hclat:analyses.962,1st,singular,present,subjunctive,active,,,conj1
urn:cite:hclat:verbAnalyses.613,urn:cite:hclat:analyses.963,,plural,present,participle,active,feminine,accusative,conj2
urn:cite:hclat:verbAnalyses.614,urn:cite:hclat:analyses.963,,plural,present,participle,active,feminine,nominative,conj2
urn:cite:hclat:verbAnalyses.615,urn:cite:hclat:analyses.963,,plural,present,participle,active,feminine,vocative,conj2
urn:cite:hclat:verbAnalyses.616,urn:cite:hclat:analyses.963,,plural,present,participle,active,masculine,accusative,conj2
urn:cite:hclat:verbAnalyses.617,urn:cite:hclat:analyses.963,,plural,present,participle,active,masculine,nominative,conj2
urn:cite:hclat:verbAnalyses.618,urn:cite:hclat:analyses.963,,plural,present,participle,active,masculine,vocative,conj2
urn:cite:hclat:verbAnalyses.619,urn:cite:hclat:analyses.963,2nd,singular,present,subjunctive,active,,,conj1
urn:cite:hclat:verbAnalyses.620,urn:cite:hclat:analyses.965,,singular,perfect,participle,passive,masculine,vocative,pp4
urn:cite:hclat:verbAnalyses.621,urn:cite:hclat:analyses.965,,singular,perfect,participle,passive,neuter,vocative,pp4
urn:cite:hclat:verbAnalyses.622,urn:cite:hclat:analyses.97,3rd,singular,perfect,indicative,active,,,perfstem
urn:cite:hclat:verbAnalyses.623,urn:cite:hclat:analyses.977,1st,singular,present,indicative,active,,,conj1
urn:cite:hclat:verbAnalyses.624,urn:cite:hclat:analyses.978,1st,singular,present,indicative,active,,,conj1
urn:cite:hclat:verbAnalyses.625,urn:cite:hclat:analyses.987,3rd,singular,pluperfect,indicative,active,,,perfstem
urn:cite:hclat:verbAnalyses.626,urn:cite:hclat:analyses.994,3rd,singular,imperfect,subjunctive,active,,,conj3
